"name","thumb_name","deepdao_link"
"0x06Bdd90Cc7122D4531ab7CbB3C22D265Cb112ABD",,https://deepdao.io/#/deepdao/toplevel/0x577cbb041c645882d6c9e9b24deb786429d29cb5
"0x117d1F8CB4Bf6e74Bc5D667f15af7b810baCCCD6",,https://deepdao.io/#/deepdao/toplevel/0x3a1f860046249646e508c417a840755571bc4680
"1HiveLLC","1HiveLLC.png",https://deepdao.io/#/deepdao/toplevel/0xe0d11d5a1982f64ff1d36cd8c2bd315dea127d66
"1UP","1UP.jpg",https://deepdao.io/#/deepdao/toplevel/0xafdd1eb2511cd891acf2bff82dabf47e0c914d24
"4c4bf6a8",,https://deepdao.io/#/deepdao/toplevel/0xed0beda6991ac426de442c84cee19d75ab78d2ce
"6Ef0c0b0",,https://deepdao.io/#/deepdao/toplevel/0xcd8393b5b0ec5ab8dad4e648f709be6bac11874d
Airalab,airalab.jpg,https://deepdao.io/#/deepdao/toplevel/0x28a3d3467a3198d1bb5311836036d53c3c64b999
ApocalypseDAO,,https://deepdao.io/#/deepdao/toplevel/0x44d55a8492a90640dc6af013657eaf1ac5bc9548
Aragon Association DAO,aragon.png,https://deepdao.io/#/deepdao/toplevel/0x29e7d29deab3117766c10080bb923c7239dfd99f
Aragon Network,aragon.png,https://deepdao.io/#/deepdao/toplevel/0x5e8c17a6065c35b172b10e80493d2266e2947df4
Aragon Network Budget,aragon.png,https://deepdao.io/#/deepdao/toplevel/0xfb633f47a84a1450ee0413f2c32dc1772ccaea3e
Aragon One,AragonOne.jpg,https://deepdao.io/#/deepdao/toplevel/0xfacb1f7e9d2d3481467ffa05168882dc41fe7468
Aragon Trust,,https://deepdao.io/#/deepdao/toplevel/0x768536f03b64e6903c452514596886305e752589
Arca,arcadao.jpg,https://deepdao.io/#/deepdao/toplevel/0x63931acddae3b15cbdd0160dcf21b9776f8092e5
Arweavers,Arweavers.jpg,https://deepdao.io/#/deepdao/toplevel/0xc8f94cc40cf7ac14c056dc081232de71cb9763cd
Bancor 0x3EcD508F87Ef27417474B0FDF8dd90A3b2B337C9,bancor.png,https://deepdao.io/#/deepdao/toplevel/0xec0dd1579551964703246becfbf199c27cb84485
BerezkafLexDAO,,https://deepdao.io/#/deepdao/toplevel/0xf8a8d25049ebfaf36cf1dd7ff51ebd0777fc9b32
Betacolony,,https://deepdao.io/#/deepdao/toplevel/0x869814034d96544f3C62DE2aC22448ed79Ac8e70
blequity,,https://deepdao.io/#/deepdao/toplevel/0xc279017c6055442def329d293e5e66118cd8a2ef
BrightID,BrightID.jpg,https://deepdao.io/#/deepdao/toplevel/0x60e18f4971077412aF2Bd0297999093642F28e15
brightiddev,,https://deepdao.io/#/deepdao/toplevel/0x7099b4d99876480fcc0ac46d7809b7287a946050
Burn Signal,BurnSignal.jpg,https://deepdao.io/#/deepdao/toplevel/0x5A49Fb12f512451819cAeB7F4bE37e89f0eb0aFd
cadcad,,https://deepdao.io/#/deepdao/toplevel/0xbcd768c566143714309afe87feb901da7543f470
CENNZnet Grants DAO,,https://deepdao.io/#/deepdao/toplevel/0xee7fa430a7e513d3df962ed0c0e285bc6f87fc24
centrifugelabic01,,https://deepdao.io/#/deepdao/toplevel/0x46f2a6efd0163b90f5f65fdc965ba3cf865ebaa6
clr.fund,clr.fund.jpg,https://deepdao.io/#/deepdao/toplevel/0xa357C5dC01d8ab4F3AF519B0537468391E3e0976
Collab19,,https://deepdao.io/#/deepdao/toplevel/0x66b6FD8097e078CB8E0F7916efB8Be76849B3442
Creative Collabo DAO,,https://deepdao.io/#/deepdao/toplevel/0x161e99f7467f20602c7ff9ff85f22be1ecc41b86
Cura Dao,CuraDAO.jpg,https://deepdao.io/#/deepdao/toplevel/0x0b93ba560283350d4216f29dc57e15df38d0eace
Curio,Curio.jpg,https://deepdao.io/#/deepdao/toplevel/0x4b35388c0cc17c5037728da6e0cb72515912ed51
Cyber Congress,cyberdevs.png,https://deepdao.io/#/deepdao/toplevel/0x34291feae53ad4e155a20de02585eb115ef5d373
Dandy,,https://deepdao.io/#/deepdao/toplevel/0xe64b0bd6254aff94a98edd7dac8febfb30089416
DAOSquare,daosquare.jpg,https://deepdao.io/#/deepdao/toplevel/0x1ba850cb53280d7f9987be283ff462038ec8abe2
Daoversify,Daoversify.png,https://deepdao.io/#/deepdao/toplevel/0x4299fC8eF72bCE11B3D816e4528C24527fB09E8F
Defi Omega,,https://deepdao.io/#/deepdao/toplevel/0xe9d7e590171cb5080ab8dfd45850692a714260f0
DeoraTest,,https://deepdao.io/#/deepdao/toplevel/0x48c2f0a379f8cc93b1be3775964e242adebfd8dc
Dhedge,dhedge.jpg,https://deepdao.io/#/deepdao/toplevel/0xf8E912d8B4aE7a58EA6FBeB04b16a5F1Aa23AE13
DimensionLab,,https://deepdao.io/#/deepdao/toplevel/0x3a24aD251473590566F70880330a872Aaa211777
dOrg,dorg.jpg,https://deepdao.io/#/deepdao/toplevel/0x15344ecdc2c4edfcb092e284d93c20f0529fd8a6
dxDao,dxDAO.png,https://deepdao.io/#/deepdao/toplevel/0x519b70055af55a007110b4ff99b0ea33071c720a
Estonia,,https://deepdao.io/#/deepdao/toplevel/0x614962025820c57D6AF5acff56B5879237dAf559
f25f0531,,https://deepdao.io/#/deepdao/toplevel/0x6b7c33d06c442d1f5a08f00aeb80c0578bb706fd
Fest Dao,FestDAO.jpg,https://deepdao.io/#/deepdao/toplevel/0x8990e11b69403ea53ef2b32434bbd7dbf84b5234
Futhorcecosystem,,https://deepdao.io/#/deepdao/toplevel/0xB66B51142d8A85804d2CdB1227e982159008ac45
Genesis Alpha,,https://deepdao.io/#/deepdao/toplevel/0x294f999356ed03347c7a23bcbcf8d33fa41dc830
HausDAO,daohaus.jpg,https://deepdao.io/#/deepdao/toplevel/0xdec090a12f2e280b089daa225892d9efa8ed0ee8
HelpDao,HelpDAO.jpg,https://deepdao.io/#/deepdao/toplevel/0xEDA7cC0ee377537996E480Aa9A22547EF96Bf5D1
Keytree,,https://deepdao.io/#/deepdao/toplevel/0x8C458e618e4A43A36b6b34FcAe2de77A6577b92a
lexDAO,lexdao.jpg,https://deepdao.io/#/deepdao/toplevel/0x97103fda00a2b47EaC669568063C00e65866a633
Machi X DAO,MachiX.png,https://deepdao.io/#/deepdao/toplevel/0x016e79e9101a8eaa3e7f46d6d1c267819c09c939
MansaNetwork,,https://deepdao.io/#/deepdao/toplevel/0xcE5dCFfb2aa50DeEB229881A294F0b79D41BAAEB
Markeing DAO,marketingdao.jpg,https://deepdao.io/#/deepdao/toplevel/0x6c9b4f1bdddd7704a26a5caf5242e88501dc5f0b
MarsDao,,https://deepdao.io/#/deepdao/toplevel/0x57875ef0e6bdd9bb32ff033e80ed8479313a36c3
MetaCartel,MetaCartelDAO.jpg,https://deepdao.io/#/deepdao/toplevel/0x0372f3696fa7dc99801f435fd6737e57818239f2
MetaCartel v2,,https://deepdao.io/#/deepdao/toplevel/0xee629a192374caf2a72cf1695c485c5c89611ef2
MetaCartel Ventures,metacartelventures.jpg,https://deepdao.io/#/deepdao/toplevel/0x4570b4faf71e23942b8b9f934b47ccedf7540162
MetaCartel Ventures China,metacartelventureschina.png,https://deepdao.io/#/deepdao/toplevel/0x934d6b90e3f916a3ad5d080a674a1e953447dda3
MetaClan,,https://deepdao.io/#/deepdao/toplevel/0xb5cef5887a0b46d895cb1893b3cddc9a31607261
Metafam,,https://deepdao.io/#/deepdao/toplevel/0x980819c152ef9fe5d2e15A999cca2A1b9C45c0Ec
Meta Gamma Delta,metagammadelta.jpg,https://deepdao.io/#/deepdao/toplevel/0x1b3d7efb93ec432b0d1d56880c23303979b379e9
Moloch,MolochDAO.jpg,https://deepdao.io/#/deepdao/toplevel/0x1fd169a4f5c59acf79d0fd5d91d1201ef1bce9f1
mStable,mstable.jpg,https://deepdao.io/#/deepdao/toplevel/0xb8541e73aa47a847fa39e803d19a3f9b1bbc5a6c
murziki,,https://deepdao.io/#/deepdao/toplevel/0xca30b69e2f87ccdfe75aecde8988570625c8c3af
MyDaoDashboard,mydaodashboard.jpg,https://deepdao.io/#/deepdao/toplevel/0xf78d15EEe67341Ad81A6F843d49e7921c41F4715
necDAO,necDAO.jpg,https://deepdao.io/#/deepdao/toplevel/0xe56b4d8d42b1c9ea7dda8a6950e3699755943de7
Orochi DAO V2,,https://deepdao.io/#/deepdao/toplevel/0xb42616e266cb0c6d34c1434f09b95ed50bb551ed
PieDAO,PieDAO.jpg,https://deepdao.io/#/deepdao/toplevel/0x4efd8cead66bb0fa64c8d53ebe65f31663199c6d
pNetwork,ptokens.jpg,https://deepdao.io/#/deepdao/toplevel/0xabfd88db78d2503af372cb9c21cdc2f181232b4f
Raid Guild,RaidGuild.jpg,https://deepdao.io/#/deepdao/toplevel/0xbd6fa666fbb6fdeb4fc5eb36cdd5c87b069b24c1
Raid Guild War Chest,,https://deepdao.io/#/deepdao/toplevel/0xbeb3e32355a933501c247e2dbde6e6ca2489bf3d
Rocket LP DAO,rocketdao.jpg,https://deepdao.io/#/deepdao/toplevel/0xa9ade79ab198a579772dd5e310ea28643e4a4421
ShieldDao,,https://deepdao.io/#/deepdao/toplevel/0x95ee70b6ee02a91382690fe39598e626ebb7fad4
snglsDAO,snglsDAO.jpg,https://deepdao.io/#/deepdao/toplevel/0x515aef991f262d0d098dacfb57fccfe9852ff9c1
Srt,,https://deepdao.io/#/deepdao/toplevel/0x9e281335D5316417eeD0c16051E5dE4A3c4a2B1d
Status,,https://deepdao.io/#/deepdao/toplevel/0x3ac825db2021f5cdf674b11c00af71e743818cad
The LAO,TheLAO.jpg,https://deepdao.io/#/deepdao/toplevel/0x8f56682a50becb1df2fb8136954f2062871bc7fc
Urza,,https://deepdao.io/#/deepdao/toplevel/0x7ae4bc22d038479c8ad21616450cd5e35d3f03cc
Valtech,,https://deepdao.io/#/deepdao/toplevel/0x569a4C85C1BDA28921a58C234A8A39D789175a4C
yEarn DAO ($YFI Community Funding),yearn.png,https://deepdao.io/#/deepdao/toplevel/0xcb46298767fb5d44c18313976c30d3eeb5071862
